{
  "name": "mcx_vision_board",
  "type": "ARM",
  "dependenceList": [],
  "srcDirs": [],
  "virtualFolder": {
    "name": "<virtual_root>",
    "files": [],
    "folders": [
      {
        "name": "user",
        "files": [
          {
            "path": "../user/main.cpp"
          },
          {
            "path": "../user/zf_model_process.cpp"
          },
          {
            "path": "../user/zf_model_process.h"
          },
          {
            "path": "../../libraries/components/eiq/tensorflow-lite/model/anchors.txt"
          },
          {
            "path": "../user/smartcar_used19.tflite"
          }
        ],
        "folders": []
      },
      {
        "name": "doc",
        "files": [
          {
            "path": "../../libraries/doc/version.txt"
          }
        ],
        "folders": []
      },
      {
        "name": "board",
        "files": [
          {
            "path": "../../libraries/board/board.c"
          },
          {
            "path": "../../libraries/board/board.h"
          },
          {
            "path": "../../libraries/board/clock_config.c"
          },
          {
            "path": "../../libraries/board/clock_config.h"
          },
          {
            "path": "../../libraries/board/zf_board_init.c"
          },
          {
            "path": "../../libraries/board/zf_board_init.h"
          },
          {
            "path": "../../libraries/board/sdmmc_config.c"
          },
          {
            "path": "../../libraries/board/sdmmc_config.h"
          }
        ],
        "folders": []
      },
      {
        "name": "zf_drivers",
        "files": [
          {
            "path": "../../libraries/zf_drivers/zf_common_headfile.h"
          },
          {
            "path": "../../libraries/zf_drivers/zf_common_typedef.h"
          },
          {
            "path": "../../libraries/zf_drivers/zf_common_font.c"
          },
          {
            "path": "../../libraries/zf_drivers/zf_common_font.h"
          },
          {
            "path": "../../libraries/zf_drivers/zf_driver_uart.c"
          },
          {
            "path": "../../libraries/zf_drivers/zf_driver_uart.h"
          },
          {
            "path": "../../libraries/zf_drivers/zf_driver_delay.c"
          },
          {
            "path": "../../libraries/zf_drivers/zf_driver_delay.h"
          },
          {
            "path": "../../libraries/zf_drivers/zf_driver_gpio.c"
          },
          {
            "path": "../../libraries/zf_drivers/zf_driver_gpio.h"
          },
          {
            "path": "../../libraries/zf_drivers/zf_driver_soft_iic.c"
          },
          {
            "path": "../../libraries/zf_drivers/zf_driver_soft_iic.h"
          },
          {
            "path": "../../libraries/zf_drivers/zf_driver_ezh.lib"
          },
          {
            "path": "../../libraries/zf_drivers/zf_driver_ezh.h"
          },
          {
            "path": "../../libraries/zf_drivers/zf_driver_sd.c"
          },
          {
            "path": "../../libraries/zf_drivers/zf_driver_sd.h"
          }
        ],
        "folders": []
      },
      {
        "name": "zf_devices",
        "files": [
          {
            "path": "../../libraries/zf_devices/zf_device_config.lib"
          },
          {
            "path": "../../libraries/zf_devices/zf_device_config.h"
          },
          {
            "path": "../../libraries/zf_devices/zf_device_scc8660.c"
          },
          {
            "path": "../../libraries/zf_devices/zf_device_scc8660.h"
          },
          {
            "path": "../../libraries/zf_devices/zf_device_ips200.c"
          },
          {
            "path": "../../libraries/zf_devices/zf_device_ips200.h"
          }
        ],
        "folders": []
      },
      {
        "name": "sdk_drivers",
        "files": [
          {
            "path": "../../libraries/sdk_drivers/fsl_adapter_gpio.c"
          },
          {
            "path": "../../libraries/sdk_drivers/fsl_adapter_gpio.h"
          },
          {
            "path": "../../libraries/sdk_drivers/fsl_adapter_lpspi.c"
          },
          {
            "path": "../../libraries/sdk_drivers/fsl_adapter_lpuart.c"
          },
          {
            "path": "../../libraries/sdk_drivers/fsl_adapter_spi.h"
          },
          {
            "path": "../../libraries/sdk_drivers/fsl_adapter_uart.h"
          },
          {
            "path": "../../libraries/sdk_drivers/fsl_assert.c"
          },
          {
            "path": "../../libraries/sdk_drivers/fsl_clock.c"
          },
          {
            "path": "../../libraries/sdk_drivers/fsl_clock.h"
          },
          {
            "path": "../../libraries/sdk_drivers/fsl_common.c"
          },
          {
            "path": "../../libraries/sdk_drivers/fsl_common.h"
          },
          {
            "path": "../../libraries/sdk_drivers/fsl_common_arm.c"
          },
          {
            "path": "../../libraries/sdk_drivers/fsl_common_arm.h"
          },
          {
            "path": "../../libraries/sdk_drivers/fsl_component_generic_list.c"
          },
          {
            "path": "../../libraries/sdk_drivers/fsl_component_generic_list.h"
          },
          {
            "path": "../../libraries/sdk_drivers/fsl_ctimer.c"
          },
          {
            "path": "../../libraries/sdk_drivers/fsl_ctimer.h"
          },
          {
            "path": "../../libraries/sdk_drivers/fsl_debug_console.c"
          },
          {
            "path": "../../libraries/sdk_drivers/fsl_debug_console.h"
          },
          {
            "path": "../../libraries/sdk_drivers/fsl_edma.c"
          },
          {
            "path": "../../libraries/sdk_drivers/fsl_edma.h"
          },
          {
            "path": "../../libraries/sdk_drivers/fsl_edma_core.h"
          },
          {
            "path": "../../libraries/sdk_drivers/fsl_edma_soc.c"
          },
          {
            "path": "../../libraries/sdk_drivers/fsl_edma_soc.h"
          },
          {
            "path": "../../libraries/sdk_drivers/fsl_flexio.c"
          },
          {
            "path": "../../libraries/sdk_drivers/fsl_flexio.h"
          },
          {
            "path": "../../libraries/sdk_drivers/fsl_gpio.c"
          },
          {
            "path": "../../libraries/sdk_drivers/fsl_gpio.h"
          },
          {
            "path": "../../libraries/sdk_drivers/fsl_inputmux.c"
          },
          {
            "path": "../../libraries/sdk_drivers/fsl_inputmux.h"
          },
          {
            "path": "../../libraries/sdk_drivers/fsl_inputmux_connections.h"
          },
          {
            "path": "../../libraries/sdk_drivers/fsl_lpflexcomm.c"
          },
          {
            "path": "../../libraries/sdk_drivers/fsl_lpflexcomm.h"
          },
          {
            "path": "../../libraries/sdk_drivers/fsl_lpi2c.c"
          },
          {
            "path": "../../libraries/sdk_drivers/fsl_lpi2c.h"
          },
          {
            "path": "../../libraries/sdk_drivers/fsl_lpspi.c"
          },
          {
            "path": "../../libraries/sdk_drivers/fsl_lpspi.h"
          },
          {
            "path": "../../libraries/sdk_drivers/fsl_lpspi_edma.c"
          },
          {
            "path": "../../libraries/sdk_drivers/fsl_lpspi_edma.h"
          },
          {
            "path": "../../libraries/sdk_drivers/fsl_lptmr.c"
          },
          {
            "path": "../../libraries/sdk_drivers/fsl_lptmr.h"
          },
          {
            "path": "../../libraries/sdk_drivers/fsl_lpuart.c"
          },
          {
            "path": "../../libraries/sdk_drivers/fsl_lpuart.h"
          },
          {
            "path": "../../libraries/sdk_drivers/fsl_lpuart_edma.c"
          },
          {
            "path": "../../libraries/sdk_drivers/fsl_lpuart_edma.h"
          },
          {
            "path": "../../libraries/sdk_drivers/fsl_reset.c"
          },
          {
            "path": "../../libraries/sdk_drivers/fsl_reset.h"
          },
          {
            "path": "../../libraries/sdk_drivers/fsl_smartdma.c"
          },
          {
            "path": "../../libraries/sdk_drivers/fsl_smartdma.h"
          },
          {
            "path": "../../libraries/sdk_drivers/fsl_smartdma_mcxn.c"
          },
          {
            "path": "../../libraries/sdk_drivers/fsl_smartdma_mcxn.h"
          },
          {
            "path": "../../libraries/sdk_drivers/fsl_smartdma_rt500.c"
          },
          {
            "path": "../../libraries/sdk_drivers/fsl_smartdma_rt500.h"
          },
          {
            "path": "../../libraries/sdk_drivers/fsl_spc.c"
          },
          {
            "path": "../../libraries/sdk_drivers/fsl_spc.h"
          },
          {
            "path": "../../libraries/sdk_drivers/fsl_str.c"
          },
          {
            "path": "../../libraries/sdk_drivers/fsl_str.h"
          },
          {
            "path": "../../libraries/sdk_drivers/fsl_usdhc.c"
          },
          {
            "path": "../../libraries/sdk_drivers/fsl_usdhc.h"
          },
          {
            "path": "../../libraries/sdk_drivers/startup_MCXN947_cm33_core0.S"
          },
          {
            "path": "../../libraries/sdk_drivers/system_MCXN947_cm33_core0.c"
          }
        ],
        "folders": []
      },
      {
        "name": "eiq_model",
        "files": [
          {
            "path": "../../libraries/components/eiq/tensorflow-lite/model/get_top_n.cpp"
          },
          {
            "path": "../../libraries/components/eiq/tensorflow-lite/model/get_top_n.h"
          },
          {
            "path": "../../libraries/components/eiq/tensorflow-lite/model/image.h"
          },
          {
            "path": "../../libraries/components/eiq/tensorflow-lite/model/image_decode_raw.c"
          },
          {
            "path": "../../libraries/components/eiq/tensorflow-lite/model/image_load.c"
          },
          {
            "path": "../../libraries/components/eiq/tensorflow-lite/model/image_utils.h"
          },
          {
            "path": "../../libraries/components/eiq/tensorflow-lite/model/model.cpp"
          },
          {
            "path": "../../libraries/components/eiq/tensorflow-lite/model/model.h"
          },
          {
            "path": "../../libraries/components/eiq/tensorflow-lite/model/model_data.h"
          },
          {
            "path": "../../libraries/components/eiq/tensorflow-lite/model/model_data.s"
          },
          {
            "path": "../../libraries/components/eiq/tensorflow-lite/model/model_ops_npu.cpp"
          },
          {
            "path": "../../libraries/components/eiq/tensorflow-lite/model/output_postproc.cpp"
          },
          {
            "path": "../../libraries/components/eiq/tensorflow-lite/model/output_postproc.h"
          },
          {
            "path": "../../libraries/components/eiq/tensorflow-lite/model/yolo_post_processing.cpp"
          },
          {
            "path": "../../libraries/components/eiq/tensorflow-lite/model/yolo_post_processing.h"
          },
          {
            "path": "../../libraries/components/eiq/tensorflow-lite/lib/libtflm.a"
          },
          {
            "path": "../../libraries/components/eiq/tensorflow-lite/third_party/neutron/libNeutronDriver.a"
          },
          {
            "path": "../../libraries/components/eiq/tensorflow-lite/third_party/neutron/libNeutronFirmware.a"
          },
          {
            "path": "../../libraries/components/eiq/tensorflow-lite/tensorflow/lite/micro/kernels/neutron/neutron.cpp"
          }
        ],
        "folders": []
      },
      {
        "name": "sdmmc",
        "files": [
          {
            "path": "../../libraries/components/sdmmc/host/fsl_sdmmc_host.c"
          },
          {
            "path": "../../libraries/components/sdmmc/host/fsl_sdmmc_host.h"
          },
          {
            "path": "../../libraries/components/sdmmc/inc/fsl_sd.h"
          },
          {
            "path": "../../libraries/components/sdmmc/inc/fsl_sdmmc_common.h"
          },
          {
            "path": "../../libraries/components/sdmmc/inc/fsl_sdmmc_spec.h"
          },
          {
            "path": "../../libraries/components/sdmmc/osa/fsl_os_abstraction.h"
          },
          {
            "path": "../../libraries/components/sdmmc/osa/fsl_os_abstraction_bm.c"
          },
          {
            "path": "../../libraries/components/sdmmc/osa/fsl_os_abstraction_bm.h"
          },
          {
            "path": "../../libraries/components/sdmmc/osa/fsl_os_abstraction_config.h"
          },
          {
            "path": "../../libraries/components/sdmmc/osa/fsl_sdmmc_osa.c"
          },
          {
            "path": "../../libraries/components/sdmmc/osa/fsl_sdmmc_osa.h"
          },
          {
            "path": "../../libraries/components/sdmmc/src/fsl_sd.c"
          },
          {
            "path": "../../libraries/components/sdmmc/src/fsl_sdmmc_common.c"
          }
        ],
        "folders": []
      },
      {
        "name": "::Device",
        "files": [],
        "folders": []
      }
    ]
  },
  "outDir": "build",
  "deviceName": null,
  "packDir": null,
  "miscInfo": {
    "uid": "243c554a5cec7e4d674a3054ffa8bddd"
  },
  "targets": {
    "mcx_vision_board": {
      "excludeList": [],
      "toolchain": "AC6",
      "compileConfig": {
        "cpuType": "Cortex-M33",
        "floatingPointHardware": "single",
        "scatterFilePath": "MCXN947_cm33_core0_flash.scf",
        "useCustomScatterFile": true,
        "storageLayout": {
          "RAM": [
            {
              "tag": "RAM",
              "id": 1,
              "mem": {
                "startAddr": "0x20000000",
                "size": "0x68000"
              },
              "isChecked": false,
              "noInit": false
            },
            {
              "tag": "RAM",
              "id": 2,
              "mem": {
                "startAddr": "0x4000000",
                "size": "0x18000"
              },
              "isChecked": false,
              "noInit": false
            },
            {
              "tag": "RAM",
              "id": 3,
              "mem": {
                "startAddr": "0x14000000",
                "size": "0x18000"
              },
              "isChecked": false,
              "noInit": false
            },
            {
              "tag": "IRAM",
              "id": 1,
              "mem": {
                "startAddr": "0x10000000",
                "size": "0x100000"
              },
              "isChecked": false,
              "noInit": false
            },
            {
              "tag": "IRAM",
              "id": 2,
              "mem": {
                "startAddr": "0x10100000",
                "size": "0x100000"
              },
              "isChecked": false,
              "noInit": false
            }
          ],
          "ROM": [
            {
              "tag": "ROM",
              "id": 1,
              "mem": {
                "startAddr": "0x0",
                "size": "0x100000"
              },
              "isChecked": false,
              "isStartup": false
            },
            {
              "tag": "ROM",
              "id": 2,
              "mem": {
                "startAddr": "0x100000",
                "size": "0x100000"
              },
              "isChecked": false,
              "isStartup": false
            },
            {
              "tag": "ROM",
              "id": 3,
              "mem": {
                "startAddr": "0x0",
                "size": "0x0"
              },
              "isChecked": false,
              "isStartup": false
            },
            {
              "tag": "IROM",
              "id": 1,
              "mem": {
                "startAddr": "0x3000000",
                "size": "0x40000"
              },
              "isChecked": false,
              "isStartup": false
            },
            {
              "tag": "IROM",
              "id": 2,
              "mem": {
                "startAddr": "0x13000000",
                "size": "0x40000"
              },
              "isChecked": false,
              "isStartup": true
            }
          ]
        },
        "options": "null"
      },
      "uploader": "JLink",
      "uploadConfig": {
        "bin": "",
        "baseAddr": "",
        "cpuInfo": {
          "vendor": "null",
          "cpuName": "null"
        },
        "proType": 1,
        "speed": 8000,
        "otherCmds": ""
      },
      "uploadConfigMap": {},
      "custom_dep": {
        "name": "default",
        "incList": [
          "../user",
          "../../libraries/board",
          "../../libraries/zf_drivers",
          "../../libraries/zf_devices",
          "../../libraries/components/sdmmc/host",
          "../../libraries/components/sdmmc/inc",
          "../../libraries/components/sdmmc/osa",
          "../../libraries/components/sdmmc/sd",
          "../../libraries/components/sdmmc/src",
          "../../libraries/components/eiq/tensorflow-lite",
          "../../libraries/components/eiq/tensorflow-lite/tensorflow/lite/micro/kernels/neutron",
          "../../libraries/components/eiq/tensorflow-lite/third_party/flatbuffers/include",
          "../../libraries/components/eiq/tensorflow-lite/third_party/gemmlowp",
          "../../libraries/components/eiq/tensorflow-lite/third_party/neutron/common/include",
          "../../libraries/components/eiq/tensorflow-lite/third_party/neutron/driver/include",
          "../../libraries/components/eiq/tensorflow-lite/third_party/ruy",
          "../../libraries/components/eiq/tensorflow-lite/model",
          "../../libraries/components/eiq/tensorflow-lite/tensorflow/lite/micro/kernels",
          "../../libraries/components/eiq/tensorflow-lite/tensorflow/lite/micro",
          "../../libraries/sdk_drivers",
          "../../libraries/CMSIS",
          "../../libraries/CMSIS/Include",
          ".cmsis/include",
          "RTE/_mcx_vision_board"
        ],
        "libList": [],
        "defineList": [
          "DEBUG",
          "CPU_MCXN947VDF_cm33_core0",
          "MCUXPRESSO_SDK",
          "SD_ENABLED",
          "TF_LITE_STATIC_MEMORY",
          "SDK_DEBUGCONSOLE=1",
          "__FPU_PRESENT=1",
          "__USE_CMSIS"
        ]
      },
      "builderOptions": {
        "AC6": {
          "version": 3,
          "beforeBuildTasks": [],
          "afterBuildTasks": [],
          "global": {
            "use-microLIB": false,
            "output-debug-info": "enable"
          },
          "c/cpp-compiler": {
            "optimization": "level-1",
            "language-c": "c99",
            "language-cpp": "c++11",
            "link-time-optimization": false,
            "one-elf-section-per-function": true,
            "plain-char-is-signed": true,
            "warnings": "ac5-like-warnings",
            "C_FLAGS": "-fno-common  -fdata-sections  -ffreestanding  -fno-builtin  -mthumb  -fshort-enums",
            "CXX_FLAGS": "-fno-common  -fdata-sections  -ffreestanding  -fno-builtin  -mthumb  -fshort-enums"
          },
          "asm-compiler": {
            "$use": "asm-auto"
          },
          "linker": {
            "output-format": "elf",
            "misc-controls": "--remove --entry=Reset_Handler --diag_suppress 6314 --keep=*(EZH_CODE)",
            "xo-base": "",
            "ro-base": "0x00000000",
            "rw-base": "0x20040000",
            "$disableOutputTask": true
          }
        }
      }
    }
  },
  "version": "3.5"
}